millis,stamp,datetime,motion
999, 1501358732, 2017/7/29 20:5:32, Inactive
1999, 1501358733, 2017/7/29 20:5:33, Inactive
2999, 1501358734, 2017/7/29 20:5:34, Inactive
3999, 1501358735, 2017/7/29 20:5:35, Inactive
4999, 1501358736, 2017/7/29 20:5:36, Inactive
5999, 1501358737, 2017/7/29 20:5:37, Inactive
6999, 1501358738, 2017/7/29 20:5:38, Inactive
7998, 1501358739, 2017/7/29 20:5:39, Inactive
8999, 1501358740, 2017/7/29 20:5:40, Inactive
9999, 1501358741, 2017/7/29 20:5:41, Inactive
10999, 1501358742, 2017/7/29 20:5:42, Inactive
11999, 1501358743, 2017/7/29 20:5:43, Inactive
12999, 1501358744, 2017/7/29 20:5:44, Inactive
13999, 1501358745, 2017/7/29 20:5:45, Inactive
15000, 1501358746, 2017/7/29 20:5:46, Inactive
16000, 1501358747, 2017/7/29 20:5:47, Inactive
16999, 1501358748, 2017/7/29 20:5:48, Inactive
17999, 1501358749, 2017/7/29 20:5:49, Inactive
18999, 1501358750, 2017/7/29 20:5:50, Inactive
19999, 1501358751, 2017/7/29 20:5:51, Inactive
20999, 1501358752, 2017/7/29 20:5:52, Inactive
21999, 1501358753, 2017/7/29 20:5:53, Inactive
23000, 1501358754, 2017/7/29 20:5:54, Inactive
23999, 1501358755, 2017/7/29 20:5:55, Inactive
24999, 1501358756, 2017/7/29 20:5:56, Inactive
25999, 1501358757, 2017/7/29 20:5:57, Inactive
26998, 1501358758, 2017/7/29 20:5:58, Inactive
27999, 1501358759, 2017/7/29 20:5:59, Inactive
28999, 1501358760, 2017/7/29 20:6:0, Inactive
29999, 1501358761, 2017/7/29 20:6:1, Inactive
30999, 1501358762, 2017/7/29 20:6:2, Inactive
32000, 1501358763, 2017/7/29 20:6:3, Active
32999, 1501358764, 2017/7/29 20:6:4, Active
33999, 1501358765, 2017/7/29 20:6:5, Active
34999, 1501358766, 2017/7/29 20:6:6, Active
35999, 1501358767, 2017/7/29 20:6:7, Active
36999, 1501358768, 2017/7/29 20:6:8, Active
37999, 1501358769, 2017/7/29 20:6:9, Active
38999, 1501358770, 2017/7/29 20:6:10, Active
39999, 1501358771, 2017/7/29 20:6:11, Active
40999, 1501358772, 2017/7/29 20:6:12, Active
41999, 1501358773, 2017/7/29 20:6:13, Active
42999, 1501358774, 2017/7/29 20:6:14, Active
43999, 1501358775, 2017/7/29 20:6:15, Inactive
44999, 1501358776, 2017/7/29 20:6:16, Inactive
45999, 1501358777, 2017/7/29 20:6:17, Inactive
46999, 1501358778, 2017/7/29 20:6:18, Inactive
48000, 1501358779, 2017/7/29 20:6:19, Inactive
49000, 1501358780, 2017/7/29 20:6:20, Inactive
49998, 1501358781, 2017/7/29 20:6:21, Inactive
50999, 1501358782, 2017/7/29 20:6:22, Inactive
51999, 1501358783, 2017/7/29 20:6:23, Inactive
52999, 1501358784, 2017/7/29 20:6:24, Inactive
53999, 1501358785, 2017/7/29 20:6:25, Inactive
54999, 1501358786, 2017/7/29 20:6:26, Inactive
55999, 1501358787, 2017/7/29 20:6:27, Inactive
56999, 1501358788, 2017/7/29 20:6:28, Inactive
57999, 1501358789, 2017/7/29 20:6:29, Inactive
58999, 1501358790, 2017/7/29 20:6:30, Inactive
59999, 1501358791, 2017/7/29 20:6:31, Inactive
60999, 1501358792, 2017/7/29 20:6:32, Inactive
62000, 1501358793, 2017/7/29 20:6:33, Inactive
62999, 1501358794, 2017/7/29 20:6:34, Inactive
63998, 1501358795, 2017/7/29 20:6:35, Inactive
64999, 1501358796, 2017/7/29 20:6:36, Inactive
65999, 1501358797, 2017/7/29 20:6:37, Inactive
66999, 1501358798, 2017/7/29 20:6:38, Inactive
67999, 1501358799, 2017/7/29 20:6:39, Inactive
68999, 1501358800, 2017/7/29 20:6:40, Inactive
69999, 1501358801, 2017/7/29 20:6:41, Inactive
70999, 1501358802, 2017/7/29 20:6:42, Inactive
71999, 1501358803, 2017/7/29 20:6:43, Inactive
72999, 1501358804, 2017/7/29 20:6:44, Inactive
73999, 1501358805, 2017/7/29 20:6:45, Inactive
74999, 1501358806, 2017/7/29 20:6:46, Inactive
75999, 1501358807, 2017/7/29 20:6:47, Inactive
76999, 1501358808, 2017/7/29 20:6:48, Inactive
77999, 1501358809, 2017/7/29 20:6:49, Inactive
78999, 1501358810, 2017/7/29 20:6:50, Inactive
80000, 1501358811, 2017/7/29 20:6:51, Inactive
80999, 1501358812, 2017/7/29 20:6:52, Inactive
81999, 1501358813, 2017/7/29 20:6:53, Inactive
82999, 1501358814, 2017/7/29 20:6:54, Inactive
83999, 1501358815, 2017/7/29 20:6:55, Inactive
84999, 1501358816, 2017/7/29 20:6:56, Inactive
85999, 1501358817, 2017/7/29 20:6:57, Inactive
86999, 1501358818, 2017/7/29 20:6:58, Inactive
87999, 1501358819, 2017/7/29 20:6:59, Inactive
88999, 1501358820, 2017/7/29 20:7:0, Inactive
89999, 1501358821, 2017/7/29 20:7:1, Inactive
90998, 1501358822, 2017/7/29 20:7:2, Inactive
91999, 1501358823, 2017/7/29 20:7:3, Inactive
92999, 1501358824, 2017/7/29 20:7:4, Inactive
93999, 1501358825, 2017/7/29 20:7:5, Inactive
94999, 1501358826, 2017/7/29 20:7:6, Inactive
96000, 1501358827, 2017/7/29 20:7:7, Inactive
96999, 1501358828, 2017/7/29 20:7:8, Inactive
97999, 1501358829, 2017/7/29 20:7:9, Inactive
98998, 1501358830, 2017/7/29 20:7:10, Inactive
99999, 1501358831, 2017/7/29 20:7:11, Inactive
100999, 1501358832, 2017/7/29 20:7:12, Inactive
101999, 1501358833, 2017/7/29 20:7:13, Inactive
102999, 1501358834, 2017/7/29 20:7:14, Inactive
103999, 1501358835, 2017/7/29 20:7:15, Inactive
104999, 1501358836, 2017/7/29 20:7:16, Inactive
105999, 1501358837, 2017/7/29 20:7:17, Inactive
106999, 1501358838, 2017/7/29 20:7:18, Inactive
107999, 1501358839, 2017/7/29 20:7:19, Inactive
108999, 1501358840, 2017/7/29 20:7:20, Inactive
110000, 1501358841, 2017/7/29 20:7:21, Inactive
110998, 1501358842, 2017/7/29 20:7:22, Inactive
112000, 1501358843, 2017/7/29 20:7:23, Inactive
112999, 1501358844, 2017/7/29 20:7:24, Inactive
113999, 1501358845, 2017/7/29 20:7:25, Inactive
114999, 1501358846, 2017/7/29 20:7:26, Inactive
115999, 1501358847, 2017/7/29 20:7:27, Inactive
116999, 1501358848, 2017/7/29 20:7:28, Inactive
117999, 1501358849, 2017/7/29 20:7:29, Inactive
118999, 1501358850, 2017/7/29 20:7:30, Inactive
119999, 1501358851, 2017/7/29 20:7:31, Inactive
120999, 1501358852, 2017/7/29 20:7:32, Inactive
121999, 1501358853, 2017/7/29 20:7:33, Inactive
122999, 1501358854, 2017/7/29 20:7:34, Inactive
123999, 1501358855, 2017/7/29 20:7:35, Inactive
124999, 1501358856, 2017/7/29 20:7:36, Inactive
125999, 1501358857, 2017/7/29 20:7:37, Inactive
126999, 1501358858, 2017/7/29 20:7:38, Inactive
128000, 1501358859, 2017/7/29 20:7:39, Inactive
128999, 1501358860, 2017/7/29 20:7:40, Inactive
129998, 1501358861, 2017/7/29 20:7:41, Inactive
130999, 1501358862, 2017/7/29 20:7:42, Inactive
131999, 1501358863, 2017/7/29 20:7:43, Inactive
132999, 1501358864, 2017/7/29 20:7:44, Inactive
133999, 1501358865, 2017/7/29 20:7:45, Inactive
134999, 1501358866, 2017/7/29 20:7:46, Inactive
135999, 1501358867, 2017/7/29 20:7:47, Inactive
137000, 1501358868, 2017/7/29 20:7:48, Inactive
137999, 1501358869, 2017/7/29 20:7:49, Inactive
138999, 1501358870, 2017/7/29 20:7:50, Inactive
139999, 1501358871, 2017/7/29 20:7:51, Inactive
140999, 1501358872, 2017/7/29 20:7:52, Inactive
141999, 1501358873, 2017/7/29 20:7:53, Inactive
142999, 1501358874, 2017/7/29 20:7:54, Inactive
144000, 1501358875, 2017/7/29 20:7:55, Inactive
144999, 1501358876, 2017/7/29 20:7:56, Inactive
145999, 1501358877, 2017/7/29 20:7:57, Inactive
146999, 1501358878, 2017/7/29 20:7:58, Inactive
147999, 1501358879, 2017/7/29 20:7:59, Inactive
148999, 1501358880, 2017/7/29 20:8:0, Inactive
149999, 1501358881, 2017/7/29 20:8:1, Inactive
151000, 1501358882, 2017/7/29 20:8:2, Inactive
151999, 1501358883, 2017/7/29 20:8:3, Inactive
152999, 1501358884, 2017/7/29 20:8:4, Inactive
153999, 1501358885, 2017/7/29 20:8:5, Inactive
154999, 1501358886, 2017/7/29 20:8:6, Inactive
155999, 1501358887, 2017/7/29 20:8:7, Inactive
156999, 1501358888, 2017/7/29 20:8:8, Inactive
157999, 1501358889, 2017/7/29 20:8:9, Inactive
158999, 1501358890, 2017/7/29 20:8:10, Inactive
160000, 1501358891, 2017/7/29 20:8:11, Inactive
161000, 1501358892, 2017/7/29 20:8:12, Inactive
161999, 1501358893, 2017/7/29 20:8:13, Inactive
162999, 1501358894, 2017/7/29 20:8:14, Inactive
163999, 1501358895, 2017/7/29 20:8:15, Inactive
164999, 1501358896, 2017/7/29 20:8:16, Inactive
165999, 1501358897, 2017/7/29 20:8:17, Inactive
166999, 1501358898, 2017/7/29 20:8:18, Inactive
167999, 1501358899, 2017/7/29 20:8:19, Inactive
168999, 1501358900, 2017/7/29 20:8:20, Inactive
169999, 1501358901, 2017/7/29 20:8:21, Inactive
170999, 1501358902, 2017/7/29 20:8:22, Inactive
171999, 1501358903, 2017/7/29 20:8:23, Inactive
172999, 1501358904, 2017/7/29 20:8:24, Inactive
173999, 1501358905, 2017/7/29 20:8:25, Inactive
174999, 1501358906, 2017/7/29 20:8:26, Inactive
176000, 1501358907, 2017/7/29 20:8:27, Inactive
176999, 1501358908, 2017/7/29 20:8:28, Inactive
177999, 1501358909, 2017/7/29 20:8:29, Inactive
178999, 1501358910, 2017/7/29 20:8:30, Inactive
179999, 1501358911, 2017/7/29 20:8:31, Inactive
180999, 1501358912, 2017/7/29 20:8:32, Inactive
181999, 1501358913, 2017/7/29 20:8:33, Inactive
183000, 1501358914, 2017/7/29 20:8:34, Inactive
183999, 1501358915, 2017/7/29 20:8:35, Inactive
184999, 1501358916, 2017/7/29 20:8:36, Inactive
185999, 1501358917, 2017/7/29 20:8:37, Inactive
186999, 1501358918, 2017/7/29 20:8:38, Inactive
187999, 1501358919, 2017/7/29 20:8:39, Inactive
188999, 1501358920, 2017/7/29 20:8:40, Inactive
189999, 1501358921, 2017/7/29 20:8:41, Inactive
190999, 1501358922, 2017/7/29 20:8:42, Inactive
191998, 1501358923, 2017/7/29 20:8:43, Inactive
192999, 1501358924, 2017/7/29 20:8:44, Inactive
193999, 1501358925, 2017/7/29 20:8:45, Inactive
195000, 1501358926, 2017/7/29 20:8:46, Inactive
195998, 1501358927, 2017/7/29 20:8:47, Inactive
196999, 1501358928, 2017/7/29 20:8:48, Inactive
197999, 1501358929, 2017/7/29 20:8:49, Inactive
198999, 1501358930, 2017/7/29 20:8:50, Inactive
199999, 1501358931, 2017/7/29 20:8:51, Inactive
200999, 1501358932, 2017/7/29 20:8:52, Inactive
201999, 1501358933, 2017/7/29 20:8:53, Inactive
202999, 1501358934, 2017/7/29 20:8:54, Inactive
203999, 1501358935, 2017/7/29 20:8:55, Inactive
204999, 1501358936, 2017/7/29 20:8:56, Active
205999, 1501358937, 2017/7/29 20:8:57, Active
206999, 1501358938, 2017/7/29 20:8:58, Active
208000, 1501358939, 2017/7/29 20:8:59, Active
208999, 1501358940, 2017/7/29 20:9:0, Active
209998, 1501358941, 2017/7/29 20:9:1, Active
